{
	"editor": {
		"allAngles": false,
		"entityTextureMode": false
	},
	"textureWidth": 16,
	"textureHeight": 16,
	"textureSizes": {
	},
	"textures": {
		"chromium": "game:block/leather/chromium",
		"bark": "game:block/wood/firewood/bark",
		"north": "game:block/wood/firewood/north",
		"pelt": "game:item/resource/hide/pelt"
	},
	"elements": [
		{
			"name": "Bag Base",
			"from": [ 14.0, 1.0, 11.0 ],
			"to": [ 26.0, 2.0, 20.0 ],
			"rotationOrigin": [ 14.0, 1.0, 11.0 ],
			"rotationY": -180.0,
			"faces": {
				"north": { "texture": "#pelt", "uv": [ 0.0, 0.0, 12.0, 1.0 ] },
				"east": { "texture": "#pelt", "uv": [ 0.5, 0.5, 9.5, 1.5 ] },
				"south": { "texture": "#pelt", "uv": [ 0.0, 0.5, 10.0, 1.5 ], "autoUv": false },
				"west": { "texture": "#pelt", "uv": [ 1.0, 0.5, 10.0, 1.5 ] },
				"up": { "texture": "#pelt", "uv": [ 2.0, 2.5, 14.0, 11.5 ] },
				"down": { "texture": "#pelt", "uv": [ 2.5, 2.0, 14.5, 11.0 ] }
			},
			"children": [
				{
					"name": "Log",
					"from": [ -2.0, 1.0, 0.3 ],
					"to": [ 12.0, 5.0, 4.3 ],
					"rotationOrigin": [ -2.0, 1.0, 0.3 ],
					"rotationX": -22.5,
					"faces": {
						"north": { "texture": "#bark", "uv": [ 0.0, 0.0, 14.0, 4.0 ], "windMode": [-1,-1,-1,-1] },
						"east": { "texture": "#north", "uv": [ 0.0, 0.0, 4.0, 4.0 ], "autoUv": false },
						"south": { "texture": "#bark", "uv": [ 0.0, 4.0, 14.0, 8.0 ], "windMode": [-1,-1,-1,-1] },
						"west": { "texture": "#north", "uv": [ 4.0, 4.0, 8.0, 8.0 ] },
						"up": { "texture": "#bark", "uv": [ 0.0, 9.0, 14.0, 13.0 ], "windMode": [-1,-1,-1,-1] },
						"down": { "texture": "#bark", "uv": [ 0.0, 12.0, 14.0, 16.0 ], "windMode": [-1,-1,-1,-1] }
					}
				},
				{
					"name": "Log2",
					"from": [ 0.0, 1.0, 4.0 ],
					"to": [ 14.0, 5.0, 8.0 ],
					"rotationOrigin": [ 0.0, 1.0, 4.0 ],
					"faces": {
						"north": { "texture": "#bark", "uv": [ 0.0, 0.0, 14.0, 4.0 ], "windMode": [-1,-1,-1,-1] },
						"east": { "texture": "#north", "uv": [ 0.0, 0.0, 4.0, 4.0 ], "autoUv": false },
						"south": { "texture": "#bark", "uv": [ 0.0, 4.0, 14.0, 8.0 ], "windMode": [-1,-1,-1,-1] },
						"west": { "texture": "#north", "uv": [ 4.0, 4.0, 8.0, 8.0 ] },
						"up": { "texture": "#bark", "uv": [ 0.0, 9.0, 14.0, 13.0 ], "windMode": [-1,-1,-1,-1] },
						"down": { "texture": "#bark", "uv": [ 0.0, 12.0, 14.0, 16.0 ], "windMode": [-1,-1,-1,-1] }
					}
				},
				{
					"name": "Log3",
					"from": [ -1.0, 5.2, 5.0 ],
					"to": [ 13.0, 9.2, 9.0 ],
					"rotationOrigin": [ -1.0, 5.0, 5.0 ],
					"rotationX": -67.5,
					"faces": {
						"north": { "texture": "#bark", "uv": [ 0.0, 0.0, 14.0, 4.0 ], "windMode": [-1,-1,-1,-1] },
						"east": { "texture": "#north", "uv": [ 0.0, 0.0, 4.0, 4.0 ], "autoUv": false },
						"south": { "texture": "#bark", "uv": [ 0.0, 4.0, 14.0, 8.0 ], "windMode": [-1,-1,-1,-1] },
						"west": { "texture": "#north", "uv": [ 4.0, 4.0, 8.0, 8.0 ] },
						"up": { "texture": "#bark", "uv": [ 0.0, 9.0, 14.0, 13.0 ], "windMode": [-1,-1,-1,-1] },
						"down": { "texture": "#bark", "uv": [ 0.0, 12.0, 14.0, 16.0 ], "windMode": [-1,-1,-1,-1] }
					}
				},
				{
					"name": "Cube3",
					"from": [ 0.05, 1.0, 8.0 ],
					"to": [ 11.95, 6.0, 9.0 ],
					"rotationOrigin": [ 0.05, 1.0, 8.0 ],
					"faces": {
						"north": { "texture": "#pelt", "uv": [ 2.5, 7.5, 14.0, 12.5 ] },
						"east": { "texture": "#pelt", "uv": [ 2.5, 5.0, 3.5, 10.0 ] },
						"south": { "texture": "#pelt", "uv": [ 2.5, 2.0, 14.0, 7.0 ] },
						"west": { "texture": "#pelt", "uv": [ 14.5, 7.0, 15.5, 12.0 ] },
						"up": { "texture": "#pelt", "uv": [ 0.0, 10.5, 11.5, 11.5 ] },
						"down": { "texture": "#pelt", "uv": [ 0.0, 12.0, 11.5, 13.0 ] }
					}
				},
				{
					"name": "Cube4",
					"from": [ 0.05, 0.0, 0.0 ],
					"to": [ 11.95, 6.0, 1.0 ],
					"rotationOrigin": [ 0.05, 0.0, 0.0 ],
					"rotationX": -22.5,
					"faces": {
						"north": { "texture": "#pelt", "uv": [ 0.0, 10.0, 9.5, 16.0 ], "autoUv": false },
						"east": { "texture": "#pelt", "uv": [ 0.0, 7.5, 1.0, 13.5 ] },
						"south": { "texture": "#pelt", "uv": [ 4.5, 10.0, 16.0, 16.0 ] },
						"west": { "texture": "#pelt", "uv": [ 0.0, 7.5, 1.0, 13.5 ] },
						"up": { "texture": "#pelt", "uv": [ 0.5, 10.5, 12.0, 11.5 ] },
						"down": { "texture": "#pelt", "uv": [ 0.0, 11.5, 11.5, 12.5 ] }
					}
				},
				{
					"name": "Rope1",
					"from": [ 1.0, -1.0, -1.0 ],
					"to": [ 4.0, 0.0, 10.0 ],
					"rotationOrigin": [ 1.0, -1.0, -1.0 ],
					"faces": {
						"north": { "texture": "#chromium", "uv": [ 0.0, 0.0, 3.0, 1.0 ] },
						"east": { "texture": "#chromium", "uv": [ 1.5, 8.5, 12.5, 9.5 ] },
						"south": { "texture": "#chromium", "uv": [ 0.0, 0.0, 3.0, 1.0 ] },
						"west": { "texture": "#chromium", "uv": [ 0.0, 0.0, 11.0, 1.0 ] },
						"up": { "texture": "#chromium", "uv": [ 4.0, 3.0, 7.0, 14.0 ] },
						"down": { "texture": "#chromium", "uv": [ 4.5, 3.5, 7.5, 14.5 ] }
					},
					"children": [
						{
							"name": "Rope2",
							"from": [ 0.0, 1.0, 11.0 ],
							"to": [ 3.0, 2.0, 19.0 ],
							"rotationOrigin": [ 0.0, 1.0, 11.0 ],
							"rotationX": -90.0,
							"faces": {
								"north": { "texture": "#chromium", "uv": [ 0.0, 0.0, 3.0, 1.0 ] },
								"east": { "texture": "#chromium", "uv": [ 0.0, 0.0, 8.0, 1.0 ] },
								"south": { "texture": "#chromium", "uv": [ 0.0, 0.0, 3.0, 1.0 ] },
								"west": { "texture": "#chromium", "uv": [ 0.0, 0.0, 8.0, 1.0 ] },
								"up": { "texture": "#chromium", "uv": [ 0.0, 0.0, 3.0, 8.0 ] },
								"down": { "texture": "#chromium", "uv": [ 0.0, 0.0, 3.0, 8.0 ] }
							}
						},
						{
							"name": "Rope3",
							"from": [ 0.0, 11.4, 1.3 ],
							"to": [ 3.0, 12.4, 7.6 ],
							"rotationOrigin": [ 0.0, 11.4, 2.0 ],
							"faces": {
								"north": { "texture": "#chromium", "uv": [ 2.5, 4.5, 5.5, 5.5 ] },
								"east": { "texture": "#chromium", "uv": [ 3.5, 12.0, 9.5, 13.0 ] },
								"south": { "texture": "#chromium", "uv": [ 3.0, 5.5, 6.0, 6.5 ] },
								"west": { "texture": "#chromium", "uv": [ 0.0, 0.0, 6.0, 1.0 ] },
								"up": { "texture": "#chromium", "uv": [ 10.5, 5.5, 13.5, 11.5 ] },
								"down": { "texture": "#chromium", "uv": [ 3.0, 4.0, 6.0, 10.0 ] }
							}
						},
						{
							"name": "Rope4",
							"from": [ 0.0, 1.0, 1.0 ],
							"to": [ 3.0, 2.0, 9.0 ],
							"rotationOrigin": [ 0.0, 1.0, 1.0 ],
							"rotationX": -112.5,
							"faces": {
								"north": { "texture": "#chromium", "uv": [ 0.0, 0.0, 3.0, 1.0 ] },
								"east": { "texture": "#chromium", "uv": [ 0.0, 0.0, 8.0, 1.0 ] },
								"south": { "texture": "#chromium", "uv": [ 0.0, 0.0, 3.0, 1.0 ] },
								"west": { "texture": "#chromium", "uv": [ 0.0, 0.0, 8.0, 1.0 ] },
								"up": { "texture": "#chromium", "uv": [ 0.0, 0.0, 3.0, 8.0 ] },
								"down": { "texture": "#chromium", "uv": [ 0.0, 0.0, 3.0, 8.0 ] }
							}
						},
						{
							"name": "Rope5",
							"from": [ 0.05, 7.7, -2.5 ],
							"to": [ 2.95, 8.7, 3.7 ],
							"rotationOrigin": [ 0.0, 7.7, -2.0 ],
							"rotationX": -45.0,
							"faces": {
								"north": { "texture": "#chromium", "uv": [ 2.5, 5.0, 5.0, 6.0 ] },
								"east": { "texture": "#chromium", "uv": [ 2.5, 8.0, 8.5, 9.0 ] },
								"south": { "texture": "#chromium", "uv": [ 3.0, 7.0, 5.5, 8.0 ] },
								"west": { "texture": "#chromium", "uv": [ 1.5, 7.5, 7.5, 8.5 ] },
								"up": { "texture": "#chromium", "uv": [ 2.5, 5.0, 5.0, 11.0 ] },
								"down": { "texture": "#chromium", "uv": [ 2.0, 4.0, 4.5, 10.0 ] }
							}
						},
						{
							"name": "Rope6",
							"from": [ 0.05, 9.0, 11.0 ],
							"to": [ 2.95, 10.0, 15.8 ],
							"rotationOrigin": [ 0.0, 9.0, 11.0 ],
							"rotationX": -135.0,
							"faces": {
								"north": { "texture": "#chromium", "uv": [ 0.0, 0.0, 2.5, 1.0 ] },
								"east": { "texture": "#chromium", "uv": [ 0.0, 0.0, 4.5, 1.0 ] },
								"south": { "texture": "#chromium", "uv": [ 0.0, 0.0, 2.5, 1.0 ] },
								"west": { "texture": "#chromium", "uv": [ 0.0, 0.0, 4.5, 1.0 ] },
								"up": { "texture": "#chromium", "uv": [ 0.0, 0.0, 2.5, 4.5 ] },
								"down": { "texture": "#chromium", "uv": [ 0.0, 0.0, 2.5, 4.5 ] }
							}
						}
					]
				},
				{
					"name": "Rope7",
					"from": [ 8.0, -1.0, -1.0 ],
					"to": [ 11.0, 0.0, 10.0 ],
					"rotationOrigin": [ 8.0, -1.0, -1.0 ],
					"faces": {
						"north": { "texture": "#chromium", "uv": [ 0.0, 0.0, 3.0, 1.0 ] },
						"east": { "texture": "#chromium", "uv": [ 1.5, 8.5, 12.5, 9.5 ] },
						"south": { "texture": "#chromium", "uv": [ 0.0, 0.0, 3.0, 1.0 ] },
						"west": { "texture": "#chromium", "uv": [ 0.0, 0.0, 11.0, 1.0 ] },
						"up": { "texture": "#chromium", "uv": [ 4.0, 3.0, 7.0, 14.0 ] },
						"down": { "texture": "#chromium", "uv": [ 4.5, 3.5, 7.5, 14.5 ] }
					},
					"children": [
						{
							"name": "Rope8",
							"from": [ 0.0, 1.0, 11.0 ],
							"to": [ 3.0, 2.0, 19.0 ],
							"rotationOrigin": [ 0.0, 1.0, 11.0 ],
							"rotationX": -90.0,
							"faces": {
								"north": { "texture": "#chromium", "uv": [ 0.0, 0.0, 3.0, 1.0 ] },
								"east": { "texture": "#chromium", "uv": [ 0.0, 0.0, 8.0, 1.0 ] },
								"south": { "texture": "#chromium", "uv": [ 0.0, 0.0, 3.0, 1.0 ] },
								"west": { "texture": "#chromium", "uv": [ 0.0, 0.0, 8.0, 1.0 ] },
								"up": { "texture": "#chromium", "uv": [ 0.0, 0.0, 3.0, 8.0 ] },
								"down": { "texture": "#chromium", "uv": [ 0.0, 0.0, 3.0, 8.0 ] }
							}
						},
						{
							"name": "Rope9",
							"from": [ 0.0, 11.4, 1.3 ],
							"to": [ 3.0, 12.4, 7.6 ],
							"rotationOrigin": [ 0.0, 11.4, 2.0 ],
							"faces": {
								"north": { "texture": "#chromium", "uv": [ 2.5, 4.5, 5.5, 5.5 ] },
								"east": { "texture": "#chromium", "uv": [ 3.5, 12.0, 9.5, 13.0 ] },
								"south": { "texture": "#chromium", "uv": [ 3.0, 5.5, 6.0, 6.5 ] },
								"west": { "texture": "#chromium", "uv": [ 0.0, 0.0, 6.0, 1.0 ] },
								"up": { "texture": "#chromium", "uv": [ 10.5, 5.5, 13.5, 11.5 ] },
								"down": { "texture": "#chromium", "uv": [ 3.0, 4.0, 6.0, 10.0 ] }
							}
						},
						{
							"name": "Rope10",
							"from": [ 0.0, 1.0, 1.0 ],
							"to": [ 3.0, 2.0, 9.0 ],
							"rotationOrigin": [ 0.0, 1.0, 1.0 ],
							"rotationX": -112.5,
							"faces": {
								"north": { "texture": "#chromium", "uv": [ 0.0, 0.0, 3.0, 1.0 ] },
								"east": { "texture": "#chromium", "uv": [ 0.0, 0.0, 8.0, 1.0 ] },
								"south": { "texture": "#chromium", "uv": [ 0.0, 0.0, 3.0, 1.0 ] },
								"west": { "texture": "#chromium", "uv": [ 0.0, 0.0, 8.0, 1.0 ] },
								"up": { "texture": "#chromium", "uv": [ 0.0, 0.0, 3.0, 8.0 ] },
								"down": { "texture": "#chromium", "uv": [ 0.0, 0.0, 3.0, 8.0 ] }
							}
						},
						{
							"name": "Rope11",
							"from": [ 0.05, 7.7, -2.5 ],
							"to": [ 2.95, 8.7, 3.7 ],
							"rotationOrigin": [ 0.0, 7.7, -2.0 ],
							"rotationX": -45.0,
							"faces": {
								"north": { "texture": "#chromium", "uv": [ 2.5, 5.0, 5.0, 6.0 ] },
								"east": { "texture": "#chromium", "uv": [ 2.5, 8.0, 8.5, 9.0 ] },
								"south": { "texture": "#chromium", "uv": [ 3.0, 7.0, 5.5, 8.0 ] },
								"west": { "texture": "#chromium", "uv": [ 1.5, 7.5, 7.5, 8.5 ] },
								"up": { "texture": "#chromium", "uv": [ 2.5, 5.0, 5.0, 11.0 ] },
								"down": { "texture": "#chromium", "uv": [ 2.0, 4.0, 4.5, 10.0 ] }
							}
						},
						{
							"name": "Rope12",
							"from": [ 0.05, 9.0, 11.0 ],
							"to": [ 2.95, 10.0, 15.8 ],
							"rotationOrigin": [ 0.0, 9.0, 11.0 ],
							"rotationX": -135.0,
							"faces": {
								"north": { "texture": "#chromium", "uv": [ 0.0, 0.0, 2.5, 1.0 ] },
								"east": { "texture": "#chromium", "uv": [ 0.0, 0.0, 4.5, 1.0 ] },
								"south": { "texture": "#chromium", "uv": [ 0.0, 0.0, 2.5, 1.0 ] },
								"west": { "texture": "#chromium", "uv": [ 0.0, 0.0, 4.5, 1.0 ] },
								"up": { "texture": "#chromium", "uv": [ 0.0, 0.0, 2.5, 4.5 ] },
								"down": { "texture": "#chromium", "uv": [ 0.0, 0.0, 2.5, 4.5 ] }
							}
						}
					]
				}
			]
		}
	]}
